"b'#AI, #drones and #Microsoft #Azure are keeping roads safe https://t.co/SYdWVgNX1m #Tech #TechNews #Technology\xe2\x80\xa6 https://t.co/N0sDcdTdoC'"
"b'RT @goh_chunlin: Video recording of .NET Developers Community Singapore is released.\nWe talked about #golang, #blazor, @AzureCosmosDB store\xe2\x80\xa6'"
b'Azure FXT Edge Filer now generally available by @azure https://t.co/9pJcY3rBPe #azure via @DotNetKicks'
b'Azure FXT Edge Filer now generally available\nhttps://t.co/wFrgblvrA4\n#Azure #Blog #Hybrid #Announcements'
b'#Azure #Blog News: Azure FXT Edge Filer now generally available https://t.co/Ov5mtJrSMf'
b'RT @microsoftcanada: .@WysdomAI used #Azure to develop conversational AI services that facilitate seamless exchanges with customers. The re\xe2\x80\xa6'
b'#Azure FXT Edge Filer now generally available https://t.co/W0cqLEVtRg via @hybrid_ts #Microsoft https://t.co/ot8c2S3qqT'
b'Azure FXT Edge Filer now generally available  https://t.co/6VBPqBvXuQ     #Microsoft #Azure #AzureFamily'
b'Latest updates from the Azure Machine Learning SDK: https://t.co/eMfh7QUKmo Nice feature able to register multiple\xe2\x80\xa6 https://t.co/U63CidXw92'
b'Azure FXT Edge Filer now generally available - Check out \xe2\x9c\x85 https://t.co/4QFlwmpEHe #Azure #cloud #MVPBuzz #MSEnvision'
b'Digital tools help reduce fire and crime incident response times https://t.co/DbblQnjR2G  #Cloud #CloudComputing #MSCloud #Azure &gt;&gt; MSCloud'
"b'Our data integration #webinars were a huge success!\xf0\x9f\x8e\x89Many thanks to all attendees!\xf0\x9f\x91\x8dif you didn\xe2\x80\x99t manage to attend, y\xe2\x80\xa6 https://t.co/nG4FDKxCCm'"
b'Three ways to take your clinical collaboration to the next level https://t.co/pzcdw61MBG  #Cloud #CloudComputing #MSCloud #Azure &gt;&gt; MSCloud'
b'Accelerating autonomous vehicle development https://t.co/lcuGFT7liA  #Cloud #CloudComputing #MSCloud #Azure &gt;&gt; MSCloud'
b'Azure FXT Edge Filer now generally available https://t.co/j5hO4xMjXq  #Cloud #CloudComputing #MSCloud #Azure &gt;&gt; MSCloud'
b'RT @Azure: Learn how to check your current monthly costs and how to break down costs by resource with #Azure Cost Management. Watch the vid\xe2\x80\xa6'
b'Azure FXT Edge Filer now generally available  https://t.co/DFoVJFGZNC #Azure'
b'News from Microsoft Azure\n#sysadmin #Azure #Cloud\nAzure FXT Edge Filer now generally available  https://t.co/rNcQ1UaUUz'
b'Azure Cost Management updates \xe2\x80\x93 June 2019 - https://t.co/BGNcjZItWf  #Azure #Cloud'
b'Azure FXT Edge Filer now generally available - https://t.co/AE7kpNrWAm #azure #learning365'
b'Azure FXT Edge Filer now generally available https://t.co/vJutwo25wD #azure #cloud #technology'
b'Azure FXT Edge Filer now generally available https://t.co/qUrS4evOrX #Microsoft #Azure #Cloud'
b'RT @AzureCosmosDB: How to provision throughput on a database in #CosmosDB \n\nhttps://t.co/BfMZsGLlxY\n\n#Azure #CosmosDB #database #noSQL #SQL\xe2\x80\xa6'
b'RT @CloudMakerAI: 3 easy steps to implement partial word search in Azure Search. Read our blog post here! https://t.co/Sj26egas68 #azure #a\xe2\x80\xa6'
"b'With the cloud, you only pay for the data that you use. This can mean savings of up to 80% over traditional on-prem\xe2\x80\xa6 https://t.co/lXWbWdyCpc'"
b'See how @Microsoft cloud services helped @BroadPeakTech scale up a franchise ecosystem with 0% downtime and how you\xe2\x80\xa6 https://t.co/vcXKwj10zk'
"b'RT @goh_chunlin: Video recording of .NET Developers Community Singapore is released.\nWe talked about #golang, #blazor, @AzureCosmosDB store\xe2\x80\xa6'"
b'How #Azure uses #machinelearning to predict VM failures by @TechRepublic &gt;&gt; via @stevenmfowler https://t.co/Vas3MrreZm'
b'Azure FXT Edge Filer now generally available https://t.co/LEInhiBBwy #Azure'
"b'RT @msandbu: New blogpost, #azure front door vs Cloudflare https://t.co/DLp0NfRt0h'"
b'#Azure FXT Edge Filer now generally available https://t.co/9FvFrjkCT3 #MVPBuzz'
b'Azure FXT Edge Filer now generally available - https://t.co/hf8X0iqPKH #azure'
b'Azure FXT Edge Filer now generally available #azure https://t.co/XtQHFP8Vp4'
b'Azure FXT Edge Filer now generally available https://t.co/tflSXLJpDe #Azure'
b'RT @Telerik: Check out 9 super useful performance tips for #azure app services @OdeToCode put together in this piece: https://t.co/szXI9Tpw\xe2\x80\xa6'
"b'#Azure blog has a new post ""Azure FXT Edge Filer now generally available"" https://t.co/VPKaCq7N3y'"
b'Azure FXT Edge Filer now generally available https://t.co/j5hO4xMjXq  #Cloud #CloudComputing #Azure #Microsoft via &gt;&gt; Azure'
b'#Microsoft #Azure Announcement : Azure FXT Edge Filer now generally available   https://t.co/Pl8ZRzxsnV'
b'Azure FXT Edge Filer now generally available https://t.co/Pe7xEKJWpE #azure #cloud'
"b'Know thy cloud. Not all cloud solutions are the same, but do you know the fine print strategies to find the best cl\xe2\x80\xa6 https://t.co/OERoUIFi6F'"
b'Azure FXT Edge Filer now generally available https://t.co/GvR7iWtB8r #Cloud #Azure'
b'Azure FXT Edge Filer now generally available https://t.co/lPSGnB70f3 #Azure #Networking'
b'#Azure FXT Edge Filer now generally available https://t.co/TOYY8HK9UC'
"b'RT of #XenTegra: ""Join xentegra citrix &amp; IGELTechnology in Portland, ME prior to #VTUG on Wednesday 07/17/2019. We\xe2\x80\xa6 https://t.co/oQoh1zGcb4'"
b'RT @ekassner: Azure files premium tier is now available for optimizing file shares on Azure using the latest SSDs. Check for Azure region c\xe2\x80\xa6'
"b""We're seeking an Azure Cloud Engineer in #Calgary to resolve critical and complex client technical issues. If you'r\xe2\x80\xa6 https://t.co/4vJ55UF41i"""
b'#Azure Azure FXT Edge Filer now generally available https://t.co/R5gUl4hyeN'
b'#Mainframe Transformation: #Azure is the New Mainframe https://t.co/7dagVCMExB'
b'#Azure blog: Azure FXT Edge Filer now generally available https://t.co/M7GBRNbCwt'
b'Azure FXT Edge Filer now generally available https://t.co/yKDkvwphtL #Microsoft #Azure'
b'Azure FXT Edge Filer now generally available  https://t.co/XXOLVtZqI6  #Azure #Microsoft #Cloud #azureflashnews'
b'#Azure blog: Azure FXT Edge Filer now generally available https://t.co/yBu5U6xfw8'
b'Azure FXT Edge Filer now generally available https://t.co/xFjAo9tOkV #Azure'
b'Azure FXT Edge Filer now generally available https://t.co/PIoQtNftRn #Microsoft #Azure'
b'Azure FXT Edge Filer now generally available https://t.co/PLS7gCZO9n #Azure #MvpBR'
b'RT @KirkDBorne: Using #AI in Microsoft Flow \xe2\x80\x94 No-code #MachineLearning gets you started with artificial intelligence: https://t.co/Cix59vQ0\xe2\x80\xa6'
b'Check out 9 super useful performance tips for #azure app services @OdeToCode put together in this piece:\xe2\x80\xa6 https://t.co/TKBsdE4cIg'
b'#Azure Azure FXT Edge Filer now generally available  https://t.co/7e5KDGCts5'
b'RT @ndesachypro: IBM Delivers Multicloud Blockchain Interoperability with Platform 2.0 Release https://t.co/ycwN3KwTw3 Available on #ibmclo\xe2\x80\xa6'
"b'""Azure FXT Edge Filer now generally available"" https://t.co/BV8TFYWJBQ #Azure'"
"b'""Microsoft has done a lot of work in the security space to help make all of its products more secure, but one of th\xe2\x80\xa6 https://t.co/GDXVGkMYLE'"
b'Azure FXT Edge Filer now generally available  https://t.co/TAkRlZnm6U #Azure'
b'Azure Blog: Azure FXT Edge Filer now generally available  #Announcements #Hybrid #Azure https://t.co/8s6xblSvqj'
b'#Microsoft #Azure news here... #CloudDogBlog https://t.co/4i9em0uPau'
"b'Join @xentegra @citrix &amp; @IGELTechnology in Portland, ME prior to #VTUG on Wednesday 07/17/2019. We will take you t\xe2\x80\xa6 https://t.co/cqcQVAfbOB'"
b'Azure FXT Edge Filer now generally available\n#Microsoft #Azure\nhttps://t.co/CvgzwP9IOF'
"b'Video recording of .NET Developers Community Singapore is released.\nWe talked about #golang, #blazor,\xe2\x80\xa6 https://t.co/yKjUB0DKOZ'"
"b'Learn about @Beyondimpactllc DRaaS based on #Azure Site Recovery with active monitoring, outage tests, and more:\xe2\x80\xa6 https://t.co/5M2qefs7oG'"
b'Accessing/Updating #SharePoint Online Data In #Azure Chat #BotFramework With #NodeJS by @siddh_me cc @CsharpCorner\xe2\x80\xa6 https://t.co/WNDKMUEYBG'
b'Get this weeks trending SharePoint and Office 365 related topics on https://t.co/WSZa22hcjk Stories via @amishjt\xe2\x80\xa6 https://t.co/vC7ERq4XJU'
"b'Free Assessment, Proof of Concept and Even Migration #Azure #Microsoft #Cloud https://t.co/IpBLq5sVRW'"
b'RT @PragmaticWorks: Having a hard time learning #PowerBI #PowerApps #Azure or #DAX? Get hands-on training with our On-Demand Learning. Chec\xe2\x80\xa6'
b'RT @PragmaticWorks: Get cloud confident today! Download our #free #cloudmigration guide here: https://t.co/dsQvA25qRo #Azure #SmallBusiness\xe2\x80\xa6'
b'RT @PragmaticWorks: Interested in live demos on #PowerBI #Azure and much more? Check out our to #YouTube page https://t.co/EviEK1JRak  #Sma\xe2\x80\xa6'
"b'RT @MSTCommunity: #Azure Cost Management\xe2\x80\x99s Cost Analysis tool can help you break down the details. The trick is to change the granularity,\xe2\x80\xa6'"
"b""RT @MSTCommunity: Here's a central location to find information related to #AzureSentinel! #Azure https://t.co/yrlBElGdUL https://t.co/RHCK\xe2\x80\xa6"""
"b""RT @StaffHost: 'Microsoft bids for behind-the-scenes access to Linux flaws'\n\nhttps://t.co/GqwIxpm0t9\n\n#Microsoft #Linux #Azure #Cloud #Cybe\xe2\x80\xa6"""
b'RT @IndustryXp: Nextgate\xe2\x80\x99s solution solves the problem of duplicate records in healthcare. Read how here -&gt; https://t.co/ZVHD3rRadv By @dav\xe2\x80\xa6'
b'RT @IndustryXp: Burwood Group builds a secure cloud for healthcare organizations by leveraging the same regulatory controls used for on-pre\xe2\x80\xa6'
b'Azure files premium tier is now available for optimizing file shares on Azure using the latest SSDs. Check for Azur\xe2\x80\xa6 https://t.co/OdRZATa74z'
b'#Azure keeps on stacking up the #cloud features on-premises by @TechRepublic &gt;&gt; via @stevenmfowler https://t.co/C7HpwBf50V'
b'RT @aventude: Congratulations to our CTO \n@ThuruTweets   for being awarded MVP - Azure status for the 4th consecutive year! #azure #MVP #Mi\xe2\x80\xa6'
b'Azure Cost Management updates \xe2\x80\x93 June 2019 #Azure https://t.co/k3j73EkYOT'
b'RT @KirkDBorne: Using #AI in Microsoft Flow \xe2\x80\x94 No-code #MachineLearning gets you started with artificial intelligence: https://t.co/Cix59vQ0\xe2\x80\xa6'
b'WEBINAR: 7/9/19: 10:00 PDT: Accelerating High Performance Computing (HPC) solutions in the cloud from Proof of Conc\xe2\x80\xa6 https://t.co/ugWEG9fBV5'
"b'How you can do continuous delivery with Vue, Docker, and Azure\n\n\xe2\x98\x9e https://t.co/dEKRd91leN\n\n#Vue #Docker #Azure https://t.co/0ybIkzyLUs'"
b'RT @WestsideSEO: Westside SEO develops | implements | supports technology solutions based on unique user requirements #Redhat #javascript #\xe2\x80\xa6'
"b'How you can do continuous delivery with Vue, Docker, and Azure\n\n\xe2\x98\x9e https://t.co/bAeuuaZbkJ\n\n#Vue #Docker #Azure https://t.co/iRjnslT8Ek'"
b'Learn more about our expansion of @CenturyLink Cloud Connect Dynamic Connections to support @Microsoft #Azure via\xe2\x80\xa6 https://t.co/bhW5EQr356'
"b'Fancy working with Amazon Web Services, plus work with a huge client base? What more could you want?\nStafforshire,\xe2\x80\xa6 https://t.co/2oRYo98Dde'"
b'Interested in learning #Azure technology? Join the CTP team where you will have the ability to learn how to acceler\xe2\x80\xa6 https://t.co/mwgXxqxDeB'
b'RT @gp_pulipaka: Microsoft\xe2\x80\x99s New Versions of #Azure Application Gateway and the Web Application. #BigData #Analytids #DataScience #AI #Mach\xe2\x80\xa6'
"b'How you can do continuous delivery with Vue, Docker, and Azure\n\n\xe2\x98\x9e https://t.co/VGjvlqGsYy\n\n#Vue #Docker #Azure https://t.co/NfyX2NcNyd'"
b'RT @phpdeveloper_4u: Storage Considerations for Running SQL Server in Azure\n\n\xe2\x98\x9e https://t.co/PYPiaNWu3A\n\n#SQLServer #Azure #SQL https://t.co\xe2\x80\xa6'
b'Cloudflare issues seem to have been resolved on my site according to the Azure Availability tests.\nBefore all avail\xe2\x80\xa6 https://t.co/lbgteR5cgL'
"b""Data Engineering... what's all that about then? Has it replaced BI development? Where did all these engineers come\xe2\x80\xa6 https://t.co/e2oknFTrvK"""
b'Westside SEO develops | implements | supports technology solutions based on unique user requirements #Redhat\xe2\x80\xa6 https://t.co/yRcAl4PzzP'
b'RT @MiddleWaySas: https://t.co/7sQjvGQE7s\nHow to execute XSLT in a Function App on Azure Cloud? #Azure @BacasKevin @AzureFunctions'
b'https://t.co/7sQjvGQE7s\nHow to execute XSLT in a Function App on Azure Cloud? #Azure @BacasKevin @AzureFunctions'
b'RT @KirkDBorne: Using #AI in Microsoft Flow \xe2\x80\x94 No-code #MachineLearning gets you started with artificial intelligence: https://t.co/Cix59vQ0\xe2\x80\xa6'
